call_id,product,started_at,real_seconds,billed_seconds,rounding_rule
SYN-00001,voice_outbound,2026-01-28T02:27:00,293,300,per_minute
SYN-00002,voice_outbound,2026-01-12T01:55:00,336,360,per_minute
SYN-00003,voice_outbound,2026-01-24T23:50:00,294,300,per_minute
SYN-00004,recording,2026-01-04T01:49:00,353,360,per_minute
SYN-00005,recording,2026-01-29T11:15:00,185,240,per_minute
SYN-00006,voice_outbound,2026-01-08T05:18:00,153,180,per_minute
SYN-00007,recording,2026-01-06T07:42:00,244,300,per_minute
SYN-00008,voice_outbound,2026-01-22T04:55:00,157,180,per_minute
SYN-00009,voice_outbound,2026-01-11T04:46:00,330,360,per_minute
SYN-00010,voice_outbound,2026-01-28T08:20:00,353,360,per_minute
SYN-00011,voice_outbound,2026-01-15T22:32:00,332,360,per_minute
SYN-00012,voice_intl,2026-01-06T11:54:00,292,294,60_6
SYN-00013,voice_outbound,2026-01-18T15:17:00,180,180,per_minute
SYN-00014,voice_outbound,2026-01-19T17:32:00,23,60,per_minute
SYN-00015,voice_inbound,2026-01-26T03:12:00,456,456,6s_blocks
SYN-00016,voice_intl,2026-01-11T14:11:00,298,300,60_6
SYN-00017,voice_outbound,2026-01-29T01:35:00,33,60,per_minute
SYN-00018,voice_outbound,2026-01-13T00:55:00,331,360,per_minute
SYN-00019,voice_outbound,2026-01-24T03:24:00,26,60,per_minute
SYN-00020,recording,2026-01-07T08:56:00,103,120,per_minute
SYN-00021,voice_outbound,2026-01-10T03:25:00,21,60,per_minute
SYN-00022,voice_outbound,2026-01-27T20:40:00,0,0,per_minute
SYN-00023,voice_outbound,2026-01-03T11:42:00,145,180,per_minute
SYN-00024,voice_outbound,2026-01-23T09:41:00,399,420,per_minute
SYN-00025,voice_outbound,2026-01-29T22:02:00,0,0,per_minute
SYN-00026,voice_outbound,2026-01-16T12:54:00,224,240,per_minute
SYN-00027,voice_outbound,2026-01-14T15:07:00,277,300,per_minute
SYN-00028,voice_inbound,2026-01-22T19:45:00,144,144,6s_blocks
SYN-00029,voice_outbound,2026-01-11T15:43:00,224,240,per_minute
SYN-00030,voice_inbound,2026-01-05T11:54:00,90,90,6s_blocks
SYN-00031,recording,2026-01-28T10:02:00,49,60,per_minute
SYN-00032,voice_inbound,2026-01-20T04:00:00,70,72,6s_blocks
SYN-00033,voice_outbound,2026-01-16T06:50:00,346,360,per_minute
SYN-00034,recording,2026-01-02T15:51:00,142,180,per_minute
SYN-00035,voice_inbound,2026-01-08T06:41:00,260,264,6s_blocks
SYN-00036,voice_intl,2026-01-08T14:25:00,211,216,60_6
SYN-00037,voice_outbound,2026-01-28T05:58:00,101,120,per_minute
SYN-00038,voice_outbound,2026-01-20T04:12:00,339,360,per_minute
SYN-00039,voice_inbound,2026-01-10T14:19:00,370,372,6s_blocks
SYN-00040,voice_inbound,2026-01-09T22:25:00,0,0,6s_blocks
SYN-00041,recording,2026-01-06T11:32:00,371,420,per_minute
SYN-00042,voice_intl,2026-01-11T13:29:00,90,90,60_6
SYN-00043,voice_inbound,2026-01-22T20:08:00,263,264,6s_blocks
SYN-00044,recording,2026-01-01T07:36:00,84,120,per_minute
SYN-00045,voice_outbound,2026-01-12T22:47:00,28,60,per_minute
SYN-00046,recording,2026-01-23T10:18:00,189,240,per_minute
SYN-00047,voice_outbound,2026-01-30T20:19:00,361,420,per_minute
SYN-00048,voice_outbound,2026-01-18T01:10:00,294,300,per_minute
SYN-00049,voice_outbound,2026-01-05T23:07:00,175,180,per_minute
SYN-00050,voice_outbound,2026-01-25T11:43:00,308,360,per_minute
SYN-00051,voice_outbound,2026-01-22T17:56:00,314,360,per_minute
SYN-00052,voice_outbound,2026-01-29T05:05:00,161,180,per_minute
SYN-00053,voice_outbound,2026-01-18T22:48:00,23,60,per_minute
SYN-00054,voice_outbound,2026-01-13T01:15:00,162,180,per_minute
SYN-00055,recording,2026-01-17T23:48:00,259,300,per_minute
SYN-00056,voice_outbound,2026-01-18T03:56:00,0,0,per_minute
SYN-00057,recording,2026-01-30T10:32:00,256,300,per_minute
SYN-00058,recording,2026-01-01T22:57:00,20,60,per_minute
SYN-00059,voice_outbound,2026-01-19T02:45:00,370,420,per_minute
SYN-00060,voice_outbound,2026-01-27T04:46:00,0,0,per_minute
SYN-00061,voice_inbound,2026-01-16T02:53:00,267,270,6s_blocks
SYN-00062,voice_outbound,2026-01-28T15:30:00,295,300,per_minute
SYN-00063,recording,2026-01-22T23:21:00,130,180,per_minute
SYN-00064,voice_outbound,2026-01-20T16:41:00,199,240,per_minute
SYN-00065,voice_outbound,2026-01-30T13:04:00,261,300,per_minute
SYN-00066,voice_outbound,2026-01-20T07:12:00,0,0,per_minute
SYN-00067,voice_inbound,2026-01-24T04:42:00,158,162,6s_blocks
SYN-00068,voice_outbound,2026-01-25T21:22:00,220,240,per_minute
SYN-00069,recording,2026-01-02T14:12:00,94,120,per_minute
SYN-00070,voice_outbound,2026-01-27T21:18:00,398,420,per_minute
SYN-00071,voice_outbound,2026-01-23T19:08:00,0,0,per_minute
SYN-00072,voice_outbound,2026-01-15T21:30:00,377,420,per_minute
SYN-00073,voice_outbound,2026-01-15T17:42:00,0,0,per_minute
SYN-00074,recording,2026-01-19T21:22:00,198,240,per_minute
SYN-00075,voice_inbound,2026-01-13T05:27:00,458,462,6s_blocks
SYN-00076,voice_outbound,2026-01-23T14:48:00,184,240,per_minute
SYN-00077,voice_intl,2026-01-12T13:12:00,0,0,60_6
SYN-00078,voice_outbound,2026-01-19T21:34:00,41,60,per_minute
SYN-00079,voice_intl,2026-01-17T14:42:00,29,60,60_6
SYN-00080,voice_outbound,2026-01-15T21:29:00,59,60,per_minute
SYN-00081,voice_intl,2026-01-06T11:46:00,25,60,60_6
SYN-00082,voice_outbound,2026-01-26T23:15:00,347,360,per_minute
SYN-00083,voice_outbound,2026-01-25T00:12:00,352,360,per_minute
SYN-00084,voice_intl,2026-01-03T12:04:00,205,210,60_6
SYN-00085,voice_outbound,2026-01-29T19:32:00,257,300,per_minute
SYN-00086,voice_inbound,2026-01-13T21:17:00,266,270,6s_blocks
SYN-00087,voice_inbound,2026-01-16T14:23:00,353,354,6s_blocks
SYN-00088,voice_outbound,2026-01-27T19:42:00,71,120,per_minute
SYN-00089,voice_outbound,2026-01-22T06:33:00,108,120,per_minute
SYN-00090,voice_outbound,2026-01-25T02:38:00,148,180,per_minute
SYN-00091,voice_outbound,2026-01-14T13:11:00,293,300,per_minute
SYN-00092,recording,2026-01-08T17:23:00,233,240,per_minute
SYN-00093,voice_inbound,2026-01-27T07:02:00,195,198,6s_blocks
SYN-00094,voice_inbound,2026-01-20T01:14:00,323,324,6s_blocks
SYN-00095,voice_intl,2026-01-16T03:33:00,180,180,60_6
SYN-00096,voice_outbound,2026-01-21T05:43:00,322,360,per_minute
SYN-00097,recording,2026-01-11T04:28:00,383,420,per_minute
SYN-00098,recording,2026-01-10T15:32:00,196,240,per_minute
SYN-00099,voice_outbound,2026-01-13T00:43:00,359,360,per_minute
SYN-00100,voice_outbound,2026-01-08T00:28:00,228,240,per_minute
SYN-00101,voice_outbound,2026-01-16T11:25:00,8,60,per_minute
SYN-00102,voice_intl,2026-01-10T07:28:00,67,72,60_6
SYN-00103,recording,2026-01-23T19:24:00,416,420,per_minute
SYN-00104,voice_inbound,2026-01-22T17:12:00,354,354,6s_blocks
SYN-00105,voice_inbound,2026-01-09T00:47:00,422,426,6s_blocks
SYN-00106,voice_inbound,2026-01-15T20:42:00,535,540,6s_blocks
SYN-00107,recording,2026-01-07T01:46:00,41,60,per_minute
SYN-00108,recording,2026-01-25T15:15:00,232,240,per_minute
SYN-00109,voice_outbound,2026-01-05T15:32:00,379,420,per_minute
SYN-00110,recording,2026-01-22T23:55:00,310,360,per_minute
SYN-00111,voice_inbound,2026-01-08T00:12:00,274,276,6s_blocks
SYN-00112,voice_outbound,2026-01-26T07:48:00,384,420,per_minute
SYN-00113,voice_outbound,2026-01-28T15:50:00,151,180,per_minute
SYN-00114,recording,2026-01-25T08:03:00,149,180,per_minute
SYN-00115,voice_outbound,2026-01-22T18:12:00,0,0,per_minute
SYN-00116,voice_outbound,2026-01-30T17:11:00,0,0,per_minute
SYN-00117,recording,2026-01-06T12:30:00,143,180,per_minute
SYN-00118,recording,2026-01-27T20:23:00,225,240,per_minute
SYN-00119,voice_outbound,2026-01-26T17:22:00,0,0,per_minute
SYN-00120,voice_inbound,2026-01-20T10:31:00,136,138,6s_blocks
SYN-00121,recording,2026-01-28T05:24:00,274,300,per_minute
SYN-00122,voice_inbound,2026-01-04T14:41:00,162,162,6s_blocks
SYN-00123,voice_outbound,2026-01-27T20:34:00,277,300,per_minute
SYN-00124,voice_outbound,2026-01-15T10:58:00,26,60,per_minute
SYN-00125,voice_inbound,2026-01-27T05:18:00,46,48,6s_blocks
SYN-00126,voice_outbound,2026-01-09T16:48:00,394,420,per_minute
SYN-00127,voice_outbound,2026-01-01T20:41:00,160,180,per_minute
SYN-00128,voice_outbound,2026-01-06T07:43:00,0,0,per_minute
SYN-00129,voice_outbound,2026-01-05T20:41:00,173,180,per_minute
SYN-00130,voice_outbound,2026-01-14T15:03:00,240,240,per_minute
SYN-00131,voice_outbound,2026-01-01T22:03:00,104,120,per_minute
SYN-00132,voice_outbound,2026-01-06T11:55:00,0,0,per_minute
SYN-00133,voice_inbound,2026-01-25T09:19:00,560,564,6s_blocks
SYN-00134,recording,2026-01-17T19:17:00,227,240,per_minute
SYN-00135,voice_outbound,2026-01-16T20:13:00,344,360,per_minute
SYN-00136,voice_outbound,2026-01-05T19:43:00,0,0,per_minute
SYN-00137,voice_outbound,2026-01-05T02:00:00,375,420,per_minute
SYN-00138,recording,2026-01-13T06:37:00,206,240,per_minute
SYN-00139,voice_outbound,2026-01-21T05:24:00,53,60,per_minute
SYN-00140,recording,2026-01-11T16:57:00,372,420,per_minute
SYN-00141,voice_outbound,2026-01-23T15:20:00,159,180,per_minute
SYN-00142,voice_outbound,2026-01-30T00:42:00,349,360,per_minute
SYN-00143,recording,2026-01-17T18:48:00,65,120,per_minute
SYN-00144,voice_outbound,2026-01-15T01:21:00,56,60,per_minute
SYN-00145,voice_intl,2026-01-11T21:49:00,291,294,60_6
SYN-00146,voice_outbound,2026-01-23T22:46:00,30,60,per_minute
SYN-00147,recording,2026-01-29T02:55:00,385,420,per_minute
SYN-00148,voice_outbound,2026-01-01T16:50:00,185,240,per_minute
SYN-00149,voice_outbound,2026-01-19T00:45:00,345,360,per_minute
SYN-00150,voice_outbound,2026-01-05T06:07:00,225,240,per_minute
SYN-00151,voice_outbound,2026-01-20T18:50:00,0,0,per_minute
SYN-00152,recording,2026-01-05T12:20:00,328,360,per_minute
SYN-00153,voice_intl,2026-01-10T04:23:00,269,270,60_6
SYN-00154,voice_outbound,2026-01-07T13:09:00,10,60,per_minute
SYN-00155,recording,2026-01-29T11:49:00,103,120,per_minute
SYN-00156,recording,2026-01-05T00:13:00,248,300,per_minute
SYN-00157,voice_outbound,2026-01-08T17:11:00,258,300,per_minute
SYN-00158,voice_outbound,2026-01-25T03:13:00,0,0,per_minute
SYN-00159,voice_outbound,2026-01-26T17:59:00,276,300,per_minute
SYN-00160,voice_outbound,2026-01-28T13:50:00,0,0,per_minute
SYN-00161,recording,2026-01-21T13:18:00,202,240,per_minute
SYN-00162,voice_intl,2026-01-03T07:31:00,203,204,60_6
SYN-00163,recording,2026-01-05T03:07:00,192,240,per_minute
SYN-00164,voice_outbound,2026-01-18T16:46:00,51,60,per_minute
SYN-00165,voice_inbound,2026-01-27T20:39:00,579,582,6s_blocks
SYN-00166,voice_outbound,2026-01-11T23:10:00,56,60,per_minute
SYN-00167,voice_outbound,2026-01-24T23:50:00,54,60,per_minute
SYN-00168,voice_outbound,2026-01-25T12:01:00,0,0,per_minute
SYN-00169,recording,2026-01-02T10:07:00,322,360,per_minute
SYN-00170,voice_outbound,2026-01-24T09:09:00,137,180,per_minute
SYN-00171,recording,2026-01-18T10:33:00,83,120,per_minute
SYN-00172,recording,2026-01-15T18:11:00,152,180,per_minute
SYN-00173,voice_inbound,2026-01-29T04:21:00,458,462,6s_blocks
SYN-00174,voice_inbound,2026-01-14T04:52:00,475,480,6s_blocks
SYN-00175,recording,2026-01-18T11:35:00,138,180,per_minute
SYN-00176,voice_outbound,2026-01-29T01:47:00,125,180,per_minute
SYN-00177,voice_outbound,2026-01-12T06:23:00,367,420,per_minute
SYN-00178,voice_inbound,2026-01-04T02:22:00,385,390,6s_blocks
SYN-00179,voice_outbound,2026-01-06T02:01:00,0,0,per_minute
SYN-00180,voice_inbound,2026-01-07T14:31:00,415,420,6s_blocks
SYN-00181,recording,2026-01-28T21:17:00,303,420,per_minute
SYN-00182,voice_outbound,2026-01-10T21:58:00,171,180,per_minute
SYN-00183,voice_outbound,2026-01-13T23:57:00,40,60,per_minute
SYN-00184,voice_outbound,2026-01-18T04:28:00,82,120,per_minute
SYN-00185,recording,2026-01-07T23:53:00,69,120,per_minute
SYN-00186,voice_intl,2026-01-20T16:11:00,57,60,60_6
SYN-00187,voice_inbound,2026-01-23T20:01:00,451,456,6s_blocks
SYN-00188,voice_inbound,2026-01-29T20:45:00,0,0,6s_blocks
SYN-00189,voice_outbound,2026-01-24T12:08:00,214,240,per_minute
SYN-00190,voice_inbound,2026-01-07T14:48:00,0,0,6s_blocks
SYN-00191,recording,2026-01-05T22:05:00,25,60,per_minute
SYN-00192,recording,2026-01-17T19:50:00,103,120,per_minute
SYN-00193,voice_outbound,2026-01-23T15:17:00,22,60,per_minute
SYN-00194,recording,2026-01-28T23:34:00,26,60,per_minute
SYN-00195,voice_outbound,2026-01-01T00:18:00,166,180,per_minute
SYN-00196,voice_inbound,2026-01-13T21:30:00,535,540,6s_blocks
SYN-00197,recording,2026-01-06T23:27:00,93,120,per_minute
SYN-00198,voice_intl,2026-01-01T15:44:00,201,204,60_6
SYN-00199,voice_outbound,2026-01-06T05:01:00,226,240,per_minute
SYN-00200,recording,2026-01-30T22:43:00,171,180,per_minute
SYN-00201,recording,2026-01-09T03:34:00,155,180,per_minute
SYN-00202,voice_outbound,2026-01-03T20:53:00,0,0,per_minute
SYN-00203,voice_outbound,2026-01-08T04:46:00,56,60,per_minute
SYN-00204,voice_outbound,2026-01-02T12:03:00,97,120,per_minute
SYN-00205,voice_outbound,2026-01-07T12:41:00,182,240,per_minute
SYN-00206,voice_outbound,2026-01-29T17:30:00,259,300,per_minute
SYN-00207,voice_outbound,2026-01-11T00:10:00,96,120,per_minute
SYN-00208,voice_outbound,2026-01-02T10:43:00,0,0,per_minute
SYN-00209,voice_outbound,2026-01-15T01:33:00,200,240,per_minute
SYN-00210,recording,2026-01-24T13:17:00,40,60,per_minute
SYN-00211,recording,2026-01-13T11:10:00,252,300,per_minute
SYN-00212,voice_inbound,2026-01-27T00:07:00,192,192,6s_blocks
SYN-00213,voice_outbound,2026-01-13T07:52:00,236,240,per_minute
SYN-00214,voice_outbound,2026-01-01T04:18:00,0,0,per_minute
SYN-00215,recording,2026-01-01T08:38:00,370,420,per_minute
SYN-00216,voice_intl,2026-01-29T19:12:00,257,258,60_6
SYN-00217,voice_outbound,2026-01-13T07:17:00,169,180,per_minute
SYN-00218,voice_intl,2026-01-04T12:38:00,51,60,60_6
SYN-00219,voice_intl,2026-01-06T06:45:00,186,186,60_6
SYN-00220,voice_outbound,2026-01-25T19:16:00,276,300,per_minute
SYN-00221,recording,2026-01-15T18:30:00,211,240,per_minute
SYN-00222,voice_outbound,2026-01-07T14:00:00,51,60,per_minute
SYN-00223,recording,2026-01-20T22:50:00,96,120,per_minute
SYN-00224,voice_outbound,2026-01-07T05:49:00,168,180,per_minute
SYN-00225,voice_outbound,2026-01-20T13:37:00,177,180,per_minute
SYN-00226,voice_outbound,2026-01-13T07:01:00,252,300,per_minute
SYN-00227,voice_intl,2026-01-28T19:06:00,80,84,60_6
SYN-00228,voice_inbound,2026-01-29T19:57:00,27,30,6s_blocks
SYN-00229,voice_outbound,2026-01-08T23:06:00,32,60,per_minute
SYN-00230,recording,2026-01-21T13:52:00,342,360,per_minute
SYN-00231,voice_outbound,2026-01-12T08:45:00,287,300,per_minute
SYN-00232,voice_inbound,2026-01-16T21:28:00,143,144,6s_blocks
SYN-00233,voice_outbound,2026-01-15T06:04:00,407,420,per_minute
SYN-00234,voice_outbound,2026-01-17T12:59:00,204,240,per_minute
SYN-00235,recording,2026-01-18T03:13:00,27,60,per_minute
SYN-00236,voice_inbound,2026-01-22T09:23:00,0,0,6s_blocks
SYN-00237,recording,2026-01-12T15:01:00,140,180,per_minute
SYN-00238,voice_outbound,2026-01-04T15:36:00,343,360,per_minute
SYN-00239,recording,2026-01-27T18:37:00,362,420,per_minute
SYN-00240,recording,2026-01-05T04:03:00,215,240,per_minute
SYN-00241,voice_outbound,2026-01-27T22:30:00,384,420,per_minute
SYN-00242,voice_outbound,2026-01-11T13:20:00,368,420,per_minute
SYN-00243,recording,2026-01-13T22:39:00,239,240,per_minute
SYN-00244,voice_outbound,2026-01-25T09:04:00,0,0,per_minute
SYN-00245,recording,2026-01-16T01:28:00,226,240,per_minute
SYN-00246,voice_inbound,2026-01-13T04:32:00,597,600,6s_blocks
SYN-00247,recording,2026-01-30T06:50:00,126,180,per_minute
SYN-00248,recording,2026-01-08T02:24:00,109,120,per_minute
SYN-00249,voice_inbound,2026-01-08T21:23:00,0,0,6s_blocks
SYN-00250,voice_outbound,2026-01-11T05:13:00,279,300,per_minute
SYN-00251,voice_inbound,2026-01-21T23:35:00,68,72,6s_blocks
SYN-00252,voice_inbound,2026-01-24T01:19:00,224,228,6s_blocks
SYN-00253,voice_outbound,2026-01-24T10:19:00,0,0,per_minute
SYN-00254,voice_outbound,2026-01-12T21:38:00,274,300,per_minute
SYN-00255,voice_outbound,2026-01-03T10:59:00,0,0,per_minute
SYN-00256,voice_outbound,2026-01-01T21:24:00,137,180,per_minute
SYN-00257,voice_intl,2026-01-07T00:45:00,194,198,60_6
SYN-00258,voice_outbound,2026-01-22T06:32:00,175,180,per_minute
SYN-00259,voice_outbound,2026-01-24T19:38:00,0,0,per_minute
SYN-00260,voice_outbound,2026-01-16T09:35:00,127,180,per_minute
SYN-00261,recording,2026-01-05T02:20:00,403,420,per_minute
SYN-00262,recording,2026-01-26T21:04:00,398,420,per_minute
SYN-00263,voice_outbound,2026-01-20T03:57:00,65,120,per_minute
SYN-00264,voice_inbound,2026-01-23T19:44:00,178,180,6s_blocks
SYN-00265,recording,2026-01-20T17:11:00,352,360,per_minute
SYN-00266,voice_outbound,2026-01-16T14:08:00,368,420,per_minute
SYN-00267,voice_outbound,2026-01-15T05:16:00,196,240,per_minute
SYN-00268,voice_outbound,2026-01-25T02:42:00,185,240,per_minute
SYN-00269,recording,2026-01-25T19:47:00,79,120,per_minute
SYN-00270,voice_inbound,2026-01-14T01:20:00,19,24,6s_blocks
SYN-00271,voice_outbound,2026-01-27T13:32:00,123,180,per_minute
SYN-00272,voice_inbound,2026-01-26T14:32:00,582,582,6s_blocks
SYN-00273,voice_outbound,2026-01-20T20:01:00,258,300,per_minute
SYN-00274,recording,2026-01-22T15:44:00,371,420,per_minute
SYN-00275,voice_outbound,2026-01-13T10:22:00,0,0,per_minute
SYN-00276,voice_outbound,2026-01-24T08:23:00,0,0,per_minute
SYN-00277,voice_outbound,2026-01-08T08:44:00,242,300,per_minute
SYN-00278,voice_outbound,2026-01-02T03:46:00,82,120,per_minute
SYN-00279,voice_outbound,2026-01-13T02:41:00,72,120,per_minute
SYN-00280,voice_intl,2026-01-30T23:17:00,0,0,60_6
SYN-00281,voice_outbound,2026-01-26T10:54:00,268,300,per_minute
SYN-00282,voice_outbound,2026-01-28T23:10:00,73,120,per_minute
SYN-00283,voice_outbound,2026-01-11T22:54:00,0,0,per_minute
SYN-00284,voice_inbound,2026-01-22T08:40:00,130,132,6s_blocks
SYN-00285,recording,2026-01-06T23:12:00,164,180,per_minute
SYN-00286,recording,2026-01-22T16:44:00,29,60,per_minute
SYN-00287,voice_outbound,2026-01-10T07:36:00,77,120,per_minute
SYN-00288,recording,2026-01-21T05:04:00,390,420,per_minute
SYN-00289,voice_outbound,2026-01-29T09:33:00,0,0,per_minute
SYN-00290,voice_inbound,2026-01-26T06:15:00,190,192,6s_blocks
SYN-00291,voice_outbound,2026-01-26T14:14:00,349,360,per_minute
SYN-00292,recording,2026-01-14T01:39:00,332,360,per_minute
SYN-00293,recording,2026-01-11T07:48:00,346,360,per_minute
SYN-00294,recording,2026-01-01T05:08:00,339,360,per_minute
SYN-00295,voice_outbound,2026-01-14T12:23:00,10,60,per_minute
SYN-00296,voice_outbound,2026-01-26T14:04:00,197,240,per_minute
SYN-00297,voice_outbound,2026-01-24T11:52:00,372,420,per_minute
SYN-00298,voice_inbound,2026-01-27T15:26:00,382,384,6s_blocks
SYN-00299,voice_outbound,2026-01-11T07:11:00,113,120,per_minute
SYN-00300,voice_outbound,2026-01-15T20:31:00,120,120,per_minute
SYN-00301,voice_outbound,2026-01-14T07:18:00,249,300,per_minute
SYN-00302,voice_inbound,2026-01-25T16:41:00,179,180,6s_blocks
SYN-00303,recording,2026-01-07T03:35:00,116,120,per_minute
SYN-00304,recording,2026-01-27T21:57:00,116,120,per_minute
SYN-00305,voice_outbound,2026-01-05T17:11:00,129,180,per_minute
SYN-00306,recording,2026-01-07T21:41:00,208,240,per_minute
SYN-00307,recording,2026-01-18T08:52:00,266,300,per_minute
SYN-00308,voice_outbound,2026-01-18T18:56:00,348,360,per_minute
SYN-00309,recording,2026-01-04T21:22:00,33,60,per_minute
SYN-00310,voice_outbound,2026-01-20T11:18:00,0,0,per_minute
SYN-00311,voice_outbound,2026-01-18T01:46:00,281,300,per_minute
SYN-00312,recording,2026-01-08T16:16:00,51,60,per_minute
SYN-00313,voice_intl,2026-01-30T00:06:00,47,60,60_6
SYN-00314,recording,2026-01-20T22:04:00,246,300,per_minute
SYN-00315,recording,2026-01-30T10:23:00,215,240,per_minute
SYN-00316,voice_inbound,2026-01-04T07:44:00,442,444,6s_blocks
SYN-00317,voice_inbound,2026-01-25T01:56:00,293,294,6s_blocks
SYN-00318,voice_outbound,2026-01-25T06:57:00,263,300,per_minute
SYN-00319,recording,2026-01-07T21:56:00,236,240,per_minute
SYN-00320,recording,2026-01-11T19:21:00,69,120,per_minute
SYN-00321,voice_inbound,2026-01-30T16:39:00,495,498,6s_blocks
SYN-00322,recording,2026-01-21T09:35:00,367,420,per_minute
SYN-00323,voice_outbound,2026-01-24T22:02:00,233,240,per_minute
SYN-00324,voice_outbound,2026-01-27T09:23:00,0,0,per_minute
SYN-00325,voice_intl,2026-01-14T23:14:00,222,222,60_6
SYN-00326,recording,2026-01-09T22:20:00,310,360,per_minute
SYN-00327,voice_outbound,2026-01-22T23:43:00,172,180,per_minute
SYN-00328,voice_outbound,2026-01-28T10:59:00,0,0,per_minute
SYN-00329,voice_inbound,2026-01-30T12:22:00,0,0,6s_blocks
SYN-00330,recording,2026-01-13T18:31:00,395,420,per_minute
SYN-00331,voice_outbound,2026-01-12T12:07:00,48,60,per_minute
SYN-00332,voice_outbound,2026-01-30T11:52:00,264,300,per_minute
SYN-00333,recording,2026-01-07T06:42:00,262,300,per_minute
SYN-00334,voice_outbound,2026-01-20T10:43:00,11,60,per_minute
SYN-00335,voice_outbound,2026-01-19T01:15:00,360,360,per_minute
SYN-00336,voice_inbound,2026-01-08T19:29:00,296,300,6s_blocks
SYN-00337,voice_inbound,2026-01-26T16:18:00,84,84,6s_blocks
SYN-00338,voice_outbound,2026-01-29T14:55:00,189,240,per_minute
SYN-00339,voice_outbound,2026-01-10T16:22:00,0,0,per_minute
SYN-00340,voice_outbound,2026-01-20T00:46:00,48,60,per_minute
SYN-00341,voice_outbound,2026-01-25T06:11:00,410,420,per_minute
SYN-00342,voice_inbound,2026-01-25T21:53:00,333,336,6s_blocks
SYN-00343,voice_inbound,2026-01-12T04:02:00,72,72,6s_blocks
SYN-00344,voice_inbound,2026-01-24T06:49:00,470,474,6s_blocks
SYN-00345,recording,2026-01-09T01:04:00,313,360,per_minute
SYN-00346,voice_outbound,2026-01-28T23:22:00,382,420,per_minute
SYN-00347,voice_outbound,2026-01-15T08:46:00,169,180,per_minute
SYN-00348,voice_inbound,2026-01-24T08:21:00,20,24,6s_blocks
SYN-00349,voice_outbound,2026-01-30T14:44:00,324,360,per_minute
SYN-00350,voice_outbound,2026-01-17T23:42:00,64,120,per_minute
SYN-00351,voice_outbound,2026-01-02T00:34:00,79,120,per_minute
SYN-00352,recording,2026-01-19T10:15:00,384,420,per_minute
SYN-00353,recording,2026-01-18T14:25:00,145,180,per_minute
SYN-00354,voice_outbound,2026-01-14T03:21:00,228,240,per_minute
SYN-00355,voice_inbound,2026-01-28T21:41:00,107,108,6s_blocks
SYN-00356,voice_outbound,2026-01-20T09:31:00,55,60,per_minute
SYN-00357,voice_intl,2026-01-16T23:32:00,207,210,60_6
SYN-00358,voice_outbound,2026-01-09T10:17:00,51,60,per_minute
SYN-00359,voice_outbound,2026-01-17T10:00:00,182,240,per_minute
SYN-00360,recording,2026-01-25T17:56:00,177,180,per_minute
SYN-00361,voice_inbound,2026-01-09T13:04:00,153,156,6s_blocks
SYN-00362,voice_outbound,2026-01-20T21:32:00,419,420,per_minute
SYN-00363,voice_inbound,2026-01-22T00:20:00,400,402,6s_blocks
SYN-00364,voice_outbound,2026-01-01T19:57:00,142,180,per_minute
SYN-00365,voice_inbound,2026-01-11T02:47:00,289,294,6s_blocks
SYN-00366,voice_inbound,2026-01-10T00:36:00,286,288,6s_blocks
SYN-00367,recording,2026-01-13T07:38:00,334,360,per_minute
SYN-00368,recording,2026-01-18T01:43:00,297,300,per_minute
SYN-00369,voice_intl,2026-01-30T21:19:00,135,138,60_6
SYN-00370,voice_outbound,2026-01-25T23:18:00,105,120,per_minute
SYN-00371,voice_intl,2026-01-15T22:30:00,220,222,60_6
SYN-00372,recording,2026-01-11T16:19:00,145,180,per_minute
SYN-00373,voice_inbound,2026-01-28T19:57:00,391,396,6s_blocks
SYN-00374,recording,2026-01-28T10:33:00,132,180,per_minute
SYN-00375,recording,2026-01-11T18:41:00,157,180,per_minute
SYN-00376,voice_inbound,2026-01-26T02:21:00,339,342,6s_blocks
SYN-00377,recording,2026-01-17T03:27:00,50,60,per_minute
SYN-00378,voice_outbound,2026-01-11T02:08:00,388,420,per_minute
SYN-00379,voice_outbound,2026-01-09T11:02:00,356,360,per_minute
SYN-00380,voice_outbound,2026-01-21T04:31:00,345,360,per_minute
SYN-00381,voice_outbound,2026-01-26T04:15:00,143,180,per_minute
SYN-00382,voice_intl,2026-01-24T04:08:00,294,294,60_6
SYN-00383,voice_inbound,2026-01-30T04:09:00,232,234,6s_blocks
SYN-00384,voice_intl,2026-01-18T11:27:00,112,114,60_6
SYN-00385,voice_outbound,2026-01-23T05:01:00,375,420,per_minute
SYN-00386,recording,2026-01-29T06:36:00,386,420,per_minute
SYN-00387,voice_inbound,2026-01-01T03:05:00,0,0,6s_blocks
SYN-00388,recording,2026-01-19T03:12:00,203,240,per_minute
SYN-00389,recording,2026-01-03T08:28:00,262,300,per_minute
SYN-00390,recording,2026-01-30T19:51:00,209,240,per_minute
SYN-00391,voice_inbound,2026-01-20T15:13:00,527,528,6s_blocks
SYN-00392,recording,2026-01-25T01:08:00,244,300,per_minute
SYN-00393,recording,2026-01-20T22:04:00,256,300,per_minute
SYN-00394,voice_outbound,2026-01-03T15:03:00,55,60,per_minute
SYN-00395,voice_outbound,2026-01-16T17:52:00,336,360,per_minute
SYN-00396,voice_outbound,2026-01-19T14:46:00,77,120,per_minute
SYN-00397,recording,2026-01-28T11:59:00,304,360,per_minute
SYN-00398,recording,2026-01-25T07:16:00,135,180,per_minute
SYN-00399,voice_outbound,2026-01-09T00:50:00,320,360,per_minute
SYN-00400,voice_outbound,2026-01-17T02:39:00,289,300,per_minute
SYN-00401,voice_outbound,2026-01-01T02:08:00,0,0,per_minute
SYN-00402,recording,2026-01-24T05:23:00,390,420,per_minute
SYN-00403,recording,2026-01-26T19:55:00,80,120,per_minute
SYN-00404,voice_inbound,2026-01-08T23:20:00,0,0,6s_blocks
SYN-00405,voice_outbound,2026-01-25T11:12:00,75,120,per_minute
SYN-00406,voice_outbound,2026-01-26T03:49:00,289,300,per_minute
SYN-00407,voice_outbound,2026-01-17T04:33:00,0,0,per_minute
SYN-00408,voice_outbound,2026-01-28T23:41:00,0,0,per_minute
SYN-00409,recording,2026-01-13T06:22:00,84,120,per_minute
SYN-00410,recording,2026-01-11T16:28:00,248,300,per_minute
SYN-00411,recording,2026-01-20T04:10:00,404,420,per_minute
SYN-00412,voice_outbound,2026-01-24T20:10:00,37,60,per_minute
SYN-00413,voice_outbound,2026-01-30T18:44:00,248,300,per_minute
SYN-00414,voice_outbound,2026-01-16T11:23:00,0,0,per_minute
SYN-00415,recording,2026-01-16T07:13:00,218,240,per_minute
SYN-00416,voice_outbound,2026-01-11T20:02:00,63,120,per_minute
SYN-00417,voice_outbound,2026-01-28T08:47:00,0,0,per_minute
SYN-00418,voice_outbound,2026-01-13T13:22:00,352,360,per_minute
SYN-00419,voice_outbound,2026-01-22T01:42:00,124,180,per_minute
SYN-00420,voice_outbound,2026-01-20T06:52:00,251,300,per_minute
SYN-00421,voice_outbound,2026-01-26T02:44:00,321,360,per_minute
SYN-00422,recording,2026-01-07T07:25:00,68,120,per_minute
SYN-00423,voice_outbound,2026-01-04T01:41:00,239,240,per_minute
SYN-00424,voice_outbound,2026-01-30T16:13:00,369,420,per_minute
SYN-00425,voice_outbound,2026-01-05T16:48:00,16,60,per_minute
SYN-00426,recording,2026-01-02T06:19:00,45,60,per_minute
SYN-00427,voice_outbound,2026-01-10T08:43:00,0,0,per_minute
SYN-00428,voice_outbound,2026-01-07T23:54:00,7,60,per_minute
SYN-00429,voice_outbound,2026-01-12T13:56:00,218,240,per_minute
SYN-00430,voice_outbound,2026-01-30T21:14:00,14,60,per_minute
SYN-00431,voice_inbound,2026-01-15T03:36:00,410,414,6s_blocks
SYN-00432,voice_outbound,2026-01-11T07:08:00,14,60,per_minute
SYN-00433,voice_outbound,2026-01-13T14:16:00,157,180,per_minute
SYN-00434,voice_outbound,2026-01-29T21:17:00,215,240,per_minute
SYN-00435,voice_outbound,2026-01-06T22:46:00,350,360,per_minute
SYN-00436,voice_inbound,2026-01-04T14:01:00,415,420,6s_blocks
SYN-00437,voice_outbound,2026-01-30T04:53:00,373,420,per_minute
SYN-00438,voice_outbound,2026-01-15T21:43:00,401,420,per_minute
SYN-00439,voice_outbound,2026-01-21T13:21:00,418,420,per_minute
SYN-00440,voice_inbound,2026-01-12T08:50:00,540,540,6s_blocks
SYN-00441,voice_inbound,2026-01-05T07:48:00,519,522,6s_blocks
SYN-00442,recording,2026-01-25T15:56:00,191,240,per_minute
SYN-00443,voice_outbound,2026-01-09T04:47:00,12,60,per_minute
SYN-00444,recording,2026-01-13T05:33:00,289,300,per_minute
SYN-00445,voice_intl,2026-01-29T21:01:00,236,240,60_6
SYN-00446,voice_inbound,2026-01-07T00:08:00,309,312,6s_blocks
SYN-00447,voice_inbound,2026-01-07T13:02:00,325,330,6s_blocks
SYN-00448,voice_outbound,2026-01-25T09:46:00,401,420,per_minute
SYN-00449,voice_outbound,2026-01-22T03:13:00,174,180,per_minute
SYN-00450,recording,2026-01-16T17:16:00,303,360,per_minute
SYN-00451,recording,2026-01-15T22:50:00,264,300,per_minute
SYN-00452,voice_outbound,2026-01-10T23:38:00,388,420,per_minute
SYN-00453,recording,2026-01-03T05:06:00,240,240,per_minute
SYN-00454,recording,2026-01-28T23:20:00,309,360,per_minute
SYN-00455,recording,2026-01-04T04:40:00,208,240,per_minute
SYN-00456,recording,2026-01-04T20:54:00,309,360,per_minute
SYN-00457,recording,2026-01-16T00:51:00,304,360,per_minute
SYN-00458,voice_outbound,2026-01-05T00:44:00,0,0,per_minute
SYN-00459,voice_intl,2026-01-16T11:19:00,122,126,60_6
SYN-00460,voice_outbound,2026-01-13T21:29:00,316,360,per_minute
SYN-00461,recording,2026-01-22T14:10:00,275,300,per_minute
SYN-00462,voice_outbound,2026-01-09T12:52:00,212,240,per_minute
SYN-00463,recording,2026-01-30T21:51:00,272,300,per_minute
SYN-00464,voice_outbound,2026-01-08T19:06:00,129,180,per_minute
SYN-00465,voice_outbound,2026-01-26T17:04:00,158,180,per_minute
SYN-00466,voice_inbound,2026-01-09T00:14:00,598,600,6s_blocks
SYN-00467,recording,2026-01-20T23:14:00,313,360,per_minute
SYN-00468,voice_outbound,2026-01-02T21:08:00,256,300,per_minute
SYN-00469,recording,2026-01-18T17:55:00,416,420,per_minute
SYN-00470,recording,2026-01-10T20:07:00,250,300,per_minute
SYN-00471,voice_intl,2026-01-10T08:50:00,232,234,60_6
SYN-00472,recording,2026-01-06T07:41:00,239,240,per_minute
SYN-00473,voice_inbound,2026-01-09T09:04:00,257,258,6s_blocks
SYN-00474,voice_outbound,2026-01-02T20:43:00,219,240,per_minute
SYN-00475,voice_outbound,2026-01-30T03:47:00,257,300,per_minute
SYN-00476,voice_inbound,2026-01-25T08:21:00,450,450,6s_blocks
SYN-00477,voice_intl,2026-01-02T16:09:00,157,162,60_6
SYN-00478,voice_intl,2026-01-17T19:08:00,217,222,60_6
SYN-00479,recording,2026-01-14T21:59:00,35,60,per_minute
SYN-00480,recording,2026-01-06T22:41:00,246,300,per_minute
SYN-00481,voice_outbound,2026-01-03T07:32:00,0,0,per_minute
SYN-00482,voice_outbound,2026-01-24T06:45:00,176,180,per_minute
SYN-00483,voice_intl,2026-01-14T04:25:00,40,60,60_6
SYN-00484,recording,2026-01-23T21:40:00,391,420,per_minute
SYN-00485,voice_outbound,2026-01-30T14:44:00,326,360,per_minute
SYN-00486,voice_outbound,2026-01-25T08:58:00,356,360,per_minute
SYN-00487,recording,2026-01-18T15:42:00,296,300,per_minute
SYN-00488,voice_outbound,2026-01-04T23:23:00,256,300,per_minute
SYN-00489,voice_intl,2026-01-20T17:16:00,64,66,60_6
SYN-00490,voice_inbound,2026-01-01T12:22:00,507,510,6s_blocks
SYN-00491,voice_outbound,2026-01-19T11:52:00,247,300,per_minute
SYN-00492,voice_intl,2026-01-09T19:22:00,114,114,60_6
SYN-00493,recording,2026-01-23T04:38:00,189,240,per_minute
SYN-00494,recording,2026-01-24T06:59:00,132,180,per_minute
SYN-00495,voice_outbound,2026-01-13T11:50:00,37,60,per_minute
SYN-00496,voice_outbound,2026-01-16T07:26:00,283,300,per_minute
SYN-00497,recording,2026-01-06T07:56:00,341,360,per_minute
SYN-00498,voice_outbound,2026-01-07T20:53:00,313,360,per_minute
SYN-00499,voice_outbound,2026-01-08T18:43:00,157,180,per_minute
SYN-00500,voice_outbound,2026-01-27T06:48:00,42,60,per_minute
SYN-00501,voice_outbound,2026-01-06T10:25:00,0,0,per_minute
SYN-00502,recording,2026-01-02T13:12:00,78,120,per_minute
SYN-00503,voice_outbound,2026-01-05T19:27:00,351,360,per_minute
SYN-00504,voice_outbound,2026-01-03T06:17:00,123,180,per_minute
SYN-00505,voice_outbound,2026-01-15T17:04:00,193,240,per_minute
SYN-00506,voice_outbound,2026-01-18T17:43:00,0,0,per_minute
SYN-00507,voice_outbound,2026-01-24T19:02:00,116,120,per_minute
SYN-00508,voice_inbound,2026-01-07T12:18:00,79,84,6s_blocks
SYN-00509,recording,2026-01-04T12:18:00,86,120,per_minute
SYN-00510,voice_outbound,2026-01-19T22:26:00,0,0,per_minute
SYN-00511,voice_inbound,2026-01-22T13:37:00,134,138,6s_blocks
SYN-00512,voice_outbound,2026-01-15T05:28:00,0,0,per_minute
SYN-00513,voice_outbound,2026-01-20T09:42:00,267,300,per_minute
SYN-00514,voice_outbound,2026-01-08T17:04:00,151,180,per_minute
SYN-00515,voice_intl,2026-01-11T00:04:00,190,192,60_6
SYN-00516,voice_outbound,2026-01-19T17:11:00,386,420,per_minute
SYN-00517,recording,2026-01-27T09:26:00,279,300,per_minute
SYN-00518,voice_outbound,2026-01-23T12:52:00,358,360,per_minute
SYN-00519,voice_outbound,2026-01-13T21:36:00,84,120,per_minute
SYN-00520,recording,2026-01-13T05:27:00,192,240,per_minute
SYN-00521,voice_outbound,2026-01-29T05:57:00,132,180,per_minute
SYN-00522,voice_outbound,2026-01-01T20:44:00,164,180,per_minute
SYN-00523,voice_outbound,2026-01-03T14:21:00,313,360,per_minute
SYN-00524,voice_outbound,2026-01-24T09:05:00,300,300,per_minute
SYN-00525,voice_outbound,2026-01-22T21:13:00,0,0,per_minute
SYN-00526,voice_inbound,2026-01-07T23:27:00,186,186,6s_blocks
SYN-00527,voice_intl,2026-01-15T13:31:00,137,138,60_6
SYN-00528,voice_outbound,2026-01-07T02:00:00,392,420,per_minute
SYN-00529,voice_intl,2026-01-20T14:51:00,23,60,60_6
SYN-00530,voice_inbound,2026-01-22T17:23:00,397,402,6s_blocks
SYN-00531,recording,2026-01-09T18:04:00,335,360,per_minute
SYN-00532,voice_inbound,2026-01-22T00:15:00,214,216,6s_blocks
SYN-00533,voice_inbound,2026-01-27T08:24:00,395,396,6s_blocks
SYN-00534,voice_outbound,2026-01-30T04:20:00,323,360,per_minute
SYN-00535,recording,2026-01-06T12:53:00,156,180,per_minute
SYN-00536,voice_inbound,2026-01-13T17:34:00,108,108,6s_blocks
SYN-00537,voice_outbound,2026-01-22T03:06:00,0,0,per_minute
SYN-00538,voice_outbound,2026-01-18T21:34:00,138,180,per_minute
SYN-00539,voice_outbound,2026-01-04T00:51:00,89,120,per_minute
SYN-00540,recording,2026-01-02T13:38:00,337,360,per_minute
SYN-00541,voice_outbound,2026-01-01T21:02:00,113,120,per_minute
SYN-00542,voice_outbound,2026-01-25T01:18:00,411,420,per_minute
SYN-00543,recording,2026-01-05T19:26:00,136,180,per_minute
SYN-00544,voice_outbound,2026-01-18T12:59:00,218,240,per_minute
SYN-00545,voice_outbound,2026-01-24T16:30:00,315,360,per_minute
SYN-00546,voice_outbound,2026-01-24T22:57:00,0,0,per_minute
SYN-00547,voice_intl,2026-01-10T21:21:00,24,60,60_6
SYN-00548,voice_outbound,2026-01-05T05:13:00,154,180,per_minute
SYN-00549,recording,2026-01-22T18:54:00,324,360,per_minute
SYN-00550,voice_outbound,2026-01-18T08:07:00,64,120,per_minute
SYN-00551,recording,2026-01-03T20:16:00,246,300,per_minute
SYN-00552,voice_inbound,2026-01-27T11:37:00,347,348,6s_blocks
SYN-00553,voice_outbound,2026-01-07T17:51:00,267,300,per_minute
SYN-00554,voice_outbound,2026-01-21T02:36:00,0,0,per_minute
SYN-00555,recording,2026-01-05T02:29:00,236,240,per_minute
SYN-00556,voice_outbound,2026-01-07T07:04:00,118,120,per_minute
SYN-00557,recording,2026-01-08T04:24:00,378,420,per_minute
SYN-00558,voice_outbound,2026-01-09T23:58:00,184,240,per_minute
SYN-00559,voice_inbound,2026-01-25T21:56:00,330,330,6s_blocks
SYN-00560,voice_intl,2026-01-17T21:06:00,64,66,60_6
SYN-00561,recording,2026-01-10T09:51:00,154,180,per_minute
SYN-00562,voice_outbound,2026-01-15T10:27:00,354,360,per_minute
SYN-00563,voice_outbound,2026-01-22T11:41:00,36,60,per_minute
SYN-00564,voice_outbound,2026-01-09T21:50:00,323,360,per_minute
SYN-00565,voice_outbound,2026-01-08T21:23:00,0,0,per_minute
SYN-00566,voice_intl,2026-01-26T16:41:00,0,0,60_6
SYN-00567,voice_outbound,2026-01-13T19:07:00,304,360,per_minute
SYN-00568,voice_inbound,2026-01-05T07:32:00,112,114,6s_blocks
SYN-00569,voice_outbound,2026-01-13T18:09:00,103,120,per_minute
SYN-00570,voice_outbound,2026-01-24T13:32:00,0,0,per_minute
SYN-00571,recording,2026-01-10T19:48:00,344,360,per_minute
SYN-00572,voice_outbound,2026-01-07T23:53:00,312,360,per_minute
SYN-00573,voice_outbound,2026-01-10T19:39:00,136,180,per_minute
SYN-00574,voice_outbound,2026-01-03T23:19:00,0,0,per_minute
SYN-00575,voice_outbound,2026-01-01T18:03:00,159,180,per_minute
SYN-00576,voice_intl,2026-01-08T08:13:00,0,0,60_6
SYN-00577,voice_outbound,2026-01-21T03:54:00,246,300,per_minute
SYN-00578,voice_outbound,2026-01-29T21:47:00,267,300,per_minute
SYN-00579,voice_inbound,2026-01-04T16:54:00,177,180,6s_blocks
SYN-00580,voice_outbound,2026-01-23T06:53:00,44,60,per_minute
SYN-00581,recording,2026-01-23T22:39:00,307,360,per_minute
SYN-00582,recording,2026-01-27T11:48:00,415,420,per_minute
SYN-00583,voice_outbound,2026-01-28T14:22:00,53,60,per_minute
SYN-00584,voice_outbound,2026-01-29T00:50:00,42,60,per_minute
SYN-00585,voice_outbound,2026-01-07T06:16:00,158,180,per_minute
SYN-00586,voice_outbound,2026-01-20T10:30:00,0,0,per_minute
SYN-00587,voice_inbound,2026-01-16T16:05:00,0,0,6s_blocks
SYN-00588,voice_outbound,2026-01-29T13:49:00,10,60,per_minute
SYN-00589,recording,2026-01-11T17:56:00,279,300,per_minute
SYN-00590,voice_outbound,2026-01-01T03:03:00,0,0,per_minute
SYN-00591,voice_outbound,2026-01-19T01:44:00,0,0,per_minute
SYN-00592,voice_outbound,2026-01-27T11:42:00,111,120,per_minute
SYN-00593,voice_outbound,2026-01-29T05:21:00,237,240,per_minute
SYN-00594,voice_outbound,2026-01-12T22:58:00,369,420,per_minute
SYN-00595,recording,2026-01-13T03:40:00,146,180,per_minute
SYN-00596,voice_outbound,2026-01-26T06:49:00,260,300,per_minute
SYN-00597,recording,2026-01-16T23:01:00,175,180,per_minute
SYN-00598,voice_inbound,2026-01-28T14:19:00,551,552,6s_blocks
SYN-00599,recording,2026-01-08T14:33:00,393,420,per_minute
SYN-00600,voice_outbound,2026-01-21T01:15:00,130,180,per_minute
SYN-00601,voice_intl,2026-01-04T22:27:00,157,162,60_6
SYN-00602,voice_inbound,2026-01-28T05:36:00,334,336,6s_blocks
SYN-00603,voice_outbound,2026-01-18T19:14:00,164,180,per_minute
SYN-00604,voice_outbound,2026-01-15T08:33:00,47,60,per_minute
SYN-00605,voice_outbound,2026-01-08T18:03:00,181,240,per_minute
SYN-00606,voice_outbound,2026-01-12T16:32:00,113,120,per_minute
SYN-00607,voice_outbound,2026-01-03T22:31:00,37,60,per_minute
SYN-00608,voice_outbound,2026-01-01T13:31:00,0,0,per_minute
SYN-00609,voice_outbound,2026-01-08T05:55:00,145,180,per_minute
SYN-00610,recording,2026-01-28T01:03:00,408,420,per_minute
SYN-00611,recording,2026-01-15T22:35:00,191,240,per_minute
SYN-00612,voice_inbound,2026-01-03T16:33:00,569,570,6s_blocks
SYN-00613,voice_outbound,2026-01-11T08:51:00,246,300,per_minute
SYN-00614,voice_inbound,2026-01-17T22:29:00,304,306,6s_blocks
SYN-00615,recording,2026-01-05T19:44:00,147,180,per_minute
SYN-00616,voice_inbound,2026-01-24T04:15:00,351,354,6s_blocks
SYN-00617,voice_outbound,2026-01-25T04:32:00,0,0,per_minute
SYN-00618,voice_inbound,2026-01-10T02:56:00,318,378,6s_blocks
SYN-00619,voice_inbound,2026-01-18T20:11:00,572,576,6s_blocks
SYN-00620,recording,2026-01-19T15:39:00,47,60,per_minute
SYN-00621,recording,2026-01-27T13:25:00,278,300,per_minute
SYN-00622,voice_outbound,2026-01-05T04:25:00,178,180,per_minute
SYN-00623,recording,2026-01-10T02:28:00,368,420,per_minute
SYN-00624,recording,2026-01-20T09:46:00,243,300,per_minute
SYN-00625,voice_outbound,2026-01-28T10:18:00,346,360,per_minute
SYN-00626,recording,2026-01-13T07:33:00,55,60,per_minute
SYN-00627,recording,2026-01-06T02:19:00,24,60,per_minute
SYN-00628,voice_outbound,2026-01-04T02:01:00,370,420,per_minute
SYN-00629,voice_outbound,2026-01-29T03:56:00,420,420,per_minute
SYN-00630,voice_inbound,2026-01-18T14:01:00,248,252,6s_blocks
SYN-00631,voice_outbound,2026-01-11T23:26:00,0,0,per_minute
SYN-00632,voice_inbound,2026-01-04T10:12:00,597,600,6s_blocks
SYN-00633,recording,2026-01-03T06:59:00,252,300,per_minute
SYN-00634,recording,2026-01-23T00:29:00,300,300,per_minute
SYN-00635,voice_inbound,2026-01-23T00:56:00,269,270,6s_blocks
SYN-00636,recording,2026-01-20T06:59:00,186,240,per_minute
SYN-00637,voice_inbound,2026-01-22T15:59:00,284,288,6s_blocks
SYN-00638,voice_outbound,2026-01-07T18:03:00,74,120,per_minute
SYN-00639,voice_intl,2026-01-12T23:33:00,91,96,60_6
SYN-00640,voice_outbound,2026-01-03T06:45:00,143,180,per_minute
SYN-00641,recording,2026-01-30T17:28:00,38,60,per_minute
SYN-00642,voice_outbound,2026-01-24T01:16:00,46,60,per_minute
SYN-00643,voice_outbound,2026-01-02T06:31:00,38,60,per_minute
SYN-00644,recording,2026-01-20T13:13:00,237,240,per_minute
SYN-00645,voice_outbound,2026-01-10T06:12:00,119,120,per_minute
SYN-00646,voice_outbound,2026-01-23T23:21:00,176,180,per_minute
SYN-00647,recording,2026-01-27T19:11:00,291,300,per_minute
SYN-00648,voice_outbound,2026-01-24T20:47:00,6,60,per_minute
SYN-00649,voice_outbound,2026-01-18T16:47:00,410,420,per_minute
SYN-00650,voice_outbound,2026-01-08T06:12:00,54,60,per_minute
SYN-00651,voice_outbound,2026-01-05T01:08:00,317,360,per_minute
SYN-00652,recording,2026-01-18T20:47:00,310,360,per_minute
SYN-00653,voice_inbound,2026-01-30T23:53:00,313,378,6s_blocks
SYN-00654,recording,2026-01-19T15:49:00,344,360,per_minute
SYN-00655,voice_intl,2026-01-04T01:57:00,220,222,60_6
SYN-00656,voice_outbound,2026-01-23T17:22:00,321,360,per_minute
SYN-00657,voice_inbound,2026-01-13T00:20:00,254,258,6s_blocks
SYN-00658,recording,2026-01-11T20:55:00,264,300,per_minute
SYN-00659,voice_outbound,2026-01-01T21:55:00,245,300,per_minute
SYN-00660,recording,2026-01-12T05:35:00,171,180,per_minute
SYN-00661,voice_inbound,2026-01-18T08:56:00,100,102,6s_blocks
SYN-00662,recording,2026-01-23T17:20:00,39,60,per_minute
SYN-00663,voice_outbound,2026-01-06T20:39:00,0,0,per_minute
SYN-00664,voice_outbound,2026-01-16T19:46:00,169,180,per_minute
SYN-00665,voice_outbound,2026-01-12T01:29:00,406,420,per_minute
SYN-00666,voice_outbound,2026-01-11T00:18:00,19,60,per_minute
SYN-00667,voice_inbound,2026-01-30T13:36:00,539,540,6s_blocks
SYN-00668,recording,2026-01-12T10:38:00,172,180,per_minute
SYN-00669,voice_inbound,2026-01-11T08:52:00,102,102,6s_blocks
SYN-00670,recording,2026-01-12T18:08:00,136,180,per_minute
SYN-00671,recording,2026-01-09T10:13:00,151,180,per_minute
SYN-00672,voice_inbound,2026-01-05T06:32:00,0,0,6s_blocks
SYN-00673,recording,2026-01-21T08:13:00,314,360,per_minute
SYN-00674,voice_outbound,2026-01-27T14:30:00,0,0,per_minute
SYN-00675,voice_outbound,2026-01-11T04:43:00,285,300,per_minute
SYN-00676,voice_outbound,2026-01-14T05:38:00,383,420,per_minute
SYN-00677,voice_inbound,2026-01-13T04:27:00,42,42,6s_blocks
SYN-00678,voice_intl,2026-01-06T16:04:00,58,60,60_6
SYN-00679,voice_outbound,2026-01-03T08:36:00,114,120,per_minute
SYN-00680,voice_outbound,2026-01-14T21:59:00,328,360,per_minute
SYN-00681,voice_outbound,2026-01-26T11:52:00,108,120,per_minute
SYN-00682,voice_outbound,2026-01-03T17:19:00,189,240,per_minute
SYN-00683,voice_outbound,2026-01-01T07:01:00,304,360,per_minute
SYN-00684,voice_outbound,2026-01-28T16:32:00,407,420,per_minute
SYN-00685,recording,2026-01-12T20:50:00,357,360,per_minute
SYN-00686,recording,2026-01-01T16:18:00,326,360,per_minute
SYN-00687,voice_inbound,2026-01-19T19:18:00,303,306,6s_blocks
SYN-00688,voice_inbound,2026-01-02T00:06:00,595,600,6s_blocks
SYN-00689,recording,2026-01-13T08:26:00,244,300,per_minute
SYN-00690,voice_outbound,2026-01-10T18:06:00,405,420,per_minute
SYN-00691,voice_inbound,2026-01-05T15:07:00,406,408,6s_blocks
SYN-00692,voice_outbound,2026-01-02T01:13:00,288,300,per_minute
SYN-00693,recording,2026-01-05T11:15:00,240,240,per_minute
SYN-00694,recording,2026-01-15T16:17:00,80,120,per_minute
SYN-00695,voice_outbound,2026-01-14T14:41:00,369,420,per_minute
SYN-00696,voice_outbound,2026-01-30T00:08:00,13,60,per_minute
SYN-00697,recording,2026-01-28T01:20:00,291,300,per_minute
SYN-00698,voice_inbound,2026-01-12T22:35:00,486,486,6s_blocks
SYN-00699,voice_inbound,2026-01-17T10:45:00,274,276,6s_blocks
SYN-00700,voice_outbound,2026-01-14T05:51:00,121,180,per_minute
SYN-00701,recording,2026-01-10T03:50:00,332,360,per_minute
SYN-00702,recording,2026-01-19T17:59:00,383,420,per_minute
SYN-00703,voice_inbound,2026-01-21T01:25:00,284,288,6s_blocks
SYN-00704,voice_outbound,2026-01-09T20:11:00,275,300,per_minute
SYN-00705,recording,2026-01-24T16:57:00,135,180,per_minute
SYN-00706,recording,2026-01-01T07:22:00,169,180,per_minute
SYN-00707,voice_inbound,2026-01-10T10:47:00,185,186,6s_blocks
SYN-00708,voice_outbound,2026-01-23T12:10:00,66,120,per_minute
SYN-00709,voice_outbound,2026-01-28T04:23:00,361,420,per_minute
SYN-00710,voice_intl,2026-01-26T04:54:00,277,282,60_6
SYN-00711,voice_outbound,2026-01-24T06:00:00,348,360,per_minute
SYN-00712,voice_outbound,2026-01-29T17:08:00,253,300,per_minute
SYN-00713,voice_outbound,2026-01-17T17:14:00,168,180,per_minute
SYN-00714,voice_outbound,2026-01-26T10:01:00,420,420,per_minute
SYN-00715,voice_outbound,2026-01-25T12:25:00,30,60,per_minute
SYN-00716,voice_outbound,2026-01-15T19:31:00,384,420,per_minute
SYN-00717,voice_outbound,2026-01-03T21:08:00,195,240,per_minute
SYN-00718,voice_inbound,2026-01-17T12:02:00,559,564,6s_blocks
SYN-00719,recording,2026-01-02T20:06:00,113,120,per_minute
SYN-00720,voice_outbound,2026-01-18T23:47:00,105,120,per_minute
SYN-00721,voice_inbound,2026-01-23T02:36:00,227,228,6s_blocks
SYN-00722,voice_inbound,2026-01-13T12:40:00,269,270,6s_blocks
SYN-00723,voice_inbound,2026-01-04T11:40:00,415,420,6s_blocks
SYN-00724,voice_inbound,2026-01-29T06:54:00,243,246,6s_blocks
SYN-00725,recording,2026-01-12T17:53:00,20,60,per_minute
SYN-00726,recording,2026-01-10T02:32:00,304,360,per_minute
SYN-00727,voice_outbound,2026-01-16T06:34:00,152,180,per_minute
SYN-00728,voice_outbound,2026-01-03T02:19:00,0,0,per_minute
SYN-00729,voice_outbound,2026-01-26T13:37:00,28,60,per_minute
SYN-00730,recording,2026-01-19T22:50:00,209,240,per_minute
SYN-00731,voice_outbound,2026-01-07T23:30:00,189,240,per_minute
SYN-00732,voice_outbound,2026-01-09T14:38:00,0,0,per_minute
SYN-00733,voice_outbound,2026-01-02T20:37:00,277,300,per_minute
SYN-00734,voice_inbound,2026-01-03T21:03:00,496,498,6s_blocks
SYN-00735,voice_intl,2026-01-10T07:13:00,286,288,60_6
SYN-00736,voice_outbound,2026-01-23T21:00:00,123,180,per_minute
SYN-00737,voice_inbound,2026-01-14T07:35:00,338,342,6s_blocks
SYN-00738,recording,2026-01-09T18:12:00,215,240,per_minute
SYN-00739,voice_inbound,2026-01-25T19:48:00,115,120,6s_blocks
SYN-00740,voice_inbound,2026-01-24T16:33:00,228,228,6s_blocks
SYN-00741,voice_outbound,2026-01-02T04:22:00,209,240,per_minute
SYN-00742,voice_outbound,2026-01-14T13:29:00,374,420,per_minute
SYN-00743,voice_outbound,2026-01-26T03:59:00,173,180,per_minute
SYN-00744,voice_intl,2026-01-29T02:23:00,220,222,60_6
SYN-00745,voice_outbound,2026-01-06T22:57:00,40,60,per_minute
SYN-00746,voice_outbound,2026-01-04T23:44:00,64,120,per_minute
SYN-00747,recording,2026-01-21T10:10:00,402,420,per_minute
SYN-00748,voice_outbound,2026-01-01T21:57:00,0,0,per_minute
SYN-00749,recording,2026-01-14T23:04:00,87,120,per_minute
SYN-00750,recording,2026-01-16T18:26:00,156,180,per_minute
SYN-00751,voice_inbound,2026-01-13T21:02:00,288,288,6s_blocks
SYN-00752,recording,2026-01-18T05:27:00,271,300,per_minute
SYN-00753,voice_outbound,2026-01-12T15:26:00,244,300,per_minute
SYN-00754,voice_outbound,2026-01-08T01:32:00,61,120,per_minute
SYN-00755,recording,2026-01-01T22:40:00,115,120,per_minute
SYN-00756,voice_outbound,2026-01-07T02:28:00,0,0,per_minute
SYN-00757,recording,2026-01-08T03:26:00,42,60,per_minute
SYN-00758,voice_inbound,2026-01-30T15:40:00,370,372,6s_blocks
SYN-00759,voice_outbound,2026-01-20T09:52:00,323,360,per_minute
SYN-00760,voice_outbound,2026-01-28T08:15:00,332,360,per_minute
SYN-00761,recording,2026-01-04T19:49:00,252,300,per_minute
SYN-00762,recording,2026-01-17T16:57:00,343,360,per_minute
SYN-00763,voice_outbound,2026-01-28T00:42:00,57,60,per_minute
SYN-00764,voice_outbound,2026-01-23T08:55:00,42,60,per_minute
SYN-00765,voice_outbound,2026-01-03T15:12:00,12,60,per_minute
SYN-00766,voice_outbound,2026-01-12T18:49:00,0,0,per_minute
SYN-00767,voice_inbound,2026-01-03T00:46:00,491,492,6s_blocks
SYN-00768,voice_outbound,2026-01-14T15:16:00,0,0,per_minute
SYN-00769,voice_inbound,2026-01-04T04:02:00,449,450,6s_blocks
SYN-00770,voice_outbound,2026-01-06T12:02:00,0,0,per_minute
SYN-00771,voice_outbound,2026-01-02T15:05:00,0,0,per_minute
SYN-00772,voice_outbound,2026-01-20T15:05:00,0,0,per_minute
SYN-00773,voice_outbound,2026-01-30T22:41:00,388,420,per_minute
SYN-00774,voice_outbound,2026-01-22T00:15:00,335,360,per_minute
SYN-00775,voice_outbound,2026-01-02T07:47:00,241,300,per_minute
SYN-00776,voice_intl,2026-01-26T03:58:00,184,186,60_6
SYN-00777,recording,2026-01-02T01:26:00,371,420,per_minute
SYN-00778,voice_outbound,2026-01-25T22:58:00,339,360,per_minute
SYN-00779,voice_outbound,2026-01-10T18:00:00,229,240,per_minute
SYN-00780,voice_inbound,2026-01-11T03:26:00,384,384,6s_blocks
SYN-00781,voice_outbound,2026-01-29T21:16:00,0,0,per_minute
SYN-00782,voice_outbound,2026-01-20T15:35:00,0,0,per_minute
SYN-00783,voice_intl,2026-01-04T18:04:00,299,300,60_6
SYN-00784,voice_inbound,2026-01-26T16:36:00,136,138,6s_blocks
SYN-00785,voice_outbound,2026-01-08T07:11:00,76,120,per_minute
SYN-00786,recording,2026-01-09T21:33:00,366,420,per_minute
SYN-00787,voice_outbound,2026-01-25T15:24:00,0,0,per_minute
SYN-00788,voice_outbound,2026-01-09T02:29:00,82,120,per_minute
SYN-00789,recording,2026-01-06T23:52:00,216,240,per_minute
SYN-00790,voice_outbound,2026-01-26T15:25:00,65,120,per_minute
SYN-00791,voice_outbound,2026-01-17T07:14:00,0,0,per_minute
SYN-00792,recording,2026-01-27T06:26:00,226,240,per_minute
SYN-00793,recording,2026-01-30T13:52:00,39,60,per_minute
SYN-00794,recording,2026-01-22T03:23:00,415,420,per_minute
SYN-00795,voice_outbound,2026-01-15T08:09:00,238,240,per_minute
SYN-00796,voice_outbound,2026-01-21T06:09:00,409,420,per_minute
SYN-00797,recording,2026-01-08T21:39:00,122,180,per_minute
SYN-00798,voice_outbound,2026-01-29T14:24:00,252,300,per_minute
SYN-00799,voice_outbound,2026-01-19T01:50:00,0,0,per_minute
SYN-00800,voice_outbound,2026-01-10T14:12:00,173,180,per_minute
SYN-00801,recording,2026-01-26T18:18:00,264,300,per_minute
SYN-00802,recording,2026-01-10T07:26:00,157,180,per_minute
SYN-00803,voice_inbound,2026-01-09T20:35:00,0,0,6s_blocks
SYN-00804,voice_outbound,2026-01-27T14:31:00,0,0,per_minute
SYN-00805,voice_outbound,2026-01-24T18:41:00,156,180,per_minute
SYN-00806,voice_outbound,2026-01-15T07:26:00,392,420,per_minute
SYN-00807,recording,2026-01-26T04:00:00,217,240,per_minute
SYN-00808,recording,2026-01-15T06:11:00,65,120,per_minute
SYN-00809,voice_outbound,2026-01-11T00:21:00,135,180,per_minute
SYN-00810,recording,2026-01-02T10:34:00,232,240,per_minute
SYN-00811,voice_outbound,2026-01-29T20:02:00,320,360,per_minute
SYN-00812,voice_inbound,2026-01-16T14:50:00,466,468,6s_blocks
SYN-00813,voice_outbound,2026-01-23T10:20:00,173,180,per_minute
SYN-00814,voice_outbound,2026-01-16T12:21:00,413,420,per_minute
SYN-00815,recording,2026-01-15T20:10:00,245,300,per_minute
SYN-00816,recording,2026-01-20T14:08:00,399,420,per_minute
SYN-00817,voice_outbound,2026-01-08T22:06:00,9,60,per_minute
SYN-00818,voice_outbound,2026-01-01T09:54:00,390,420,per_minute
SYN-00819,voice_intl,2026-01-13T23:07:00,20,60,60_6
SYN-00820,voice_outbound,2026-01-07T23:01:00,198,240,per_minute
SYN-00821,recording,2026-01-09T22:24:00,71,120,per_minute
SYN-00822,voice_intl,2026-01-30T03:33:00,110,114,60_6
SYN-00823,voice_intl,2026-01-11T05:34:00,160,162,60_6
SYN-00824,voice_inbound,2026-01-03T21:11:00,372,372,6s_blocks
SYN-00825,voice_inbound,2026-01-21T10:06:00,253,258,6s_blocks
SYN-00826,voice_outbound,2026-01-05T18:52:00,324,360,per_minute
SYN-00827,recording,2026-01-07T15:10:00,336,360,per_minute
SYN-00828,voice_outbound,2026-01-09T17:34:00,215,240,per_minute
SYN-00829,voice_intl,2026-01-24T17:02:00,180,180,60_6
SYN-00830,voice_outbound,2026-01-12T15:10:00,0,0,per_minute
SYN-00831,voice_inbound,2026-01-08T11:55:00,286,288,6s_blocks
SYN-00832,recording,2026-01-12T20:43:00,186,240,per_minute
SYN-00833,recording,2026-01-30T16:33:00,245,300,per_minute
SYN-00834,recording,2026-01-10T15:28:00,131,180,per_minute
SYN-00835,voice_outbound,2026-01-09T03:52:00,349,360,per_minute
SYN-00836,voice_outbound,2026-01-01T23:03:00,314,360,per_minute
SYN-00837,voice_outbound,2026-01-12T19:06:00,0,0,per_minute
SYN-00838,recording,2026-01-09T04:03:00,126,180,per_minute
SYN-00839,voice_outbound,2026-01-13T07:37:00,0,0,per_minute
SYN-00840,voice_inbound,2026-01-07T05:47:00,600,600,6s_blocks
SYN-00841,voice_intl,2026-01-12T16:18:00,100,102,60_6
SYN-00842,voice_outbound,2026-01-12T04:12:00,0,0,per_minute
SYN-00843,recording,2026-01-20T00:07:00,120,120,per_minute
SYN-00844,voice_intl,2026-01-02T13:53:00,245,246,60_6
SYN-00845,voice_intl,2026-01-15T14:53:00,125,126,60_6
SYN-00846,voice_inbound,2026-01-21T20:30:00,273,276,6s_blocks
SYN-00847,voice_outbound,2026-01-22T21:22:00,0,0,per_minute
SYN-00848,voice_outbound,2026-01-11T22:37:00,201,240,per_minute
SYN-00849,voice_inbound,2026-01-08T11:07:00,254,258,6s_blocks
SYN-00850,voice_intl,2026-01-19T00:08:00,0,0,60_6
SYN-00851,voice_inbound,2026-01-18T23:45:00,296,300,6s_blocks
SYN-00852,voice_outbound,2026-01-14T15:01:00,0,0,per_minute
SYN-00853,voice_inbound,2026-01-19T03:10:00,541,546,6s_blocks
SYN-00854,voice_inbound,2026-01-21T20:32:00,0,0,6s_blocks
SYN-00855,voice_outbound,2026-01-22T06:45:00,372,420,per_minute
SYN-00856,voice_inbound,2026-01-17T11:01:00,70,72,6s_blocks
SYN-00857,voice_outbound,2026-01-11T08:22:00,394,420,per_minute
SYN-00858,voice_outbound,2026-01-27T11:47:00,258,300,per_minute
SYN-00859,recording,2026-01-12T09:06:00,80,120,per_minute
SYN-00860,voice_inbound,2026-01-25T21:26:00,106,108,6s_blocks
SYN-00861,voice_outbound,2026-01-03T08:58:00,0,0,per_minute
SYN-00862,voice_outbound,2026-01-28T09:31:00,379,420,per_minute
SYN-00863,recording,2026-01-18T13:32:00,250,300,per_minute
SYN-00864,voice_inbound,2026-01-28T20:03:00,497,498,6s_blocks
SYN-00865,voice_outbound,2026-01-23T04:29:00,242,300,per_minute
SYN-00866,voice_outbound,2026-01-12T11:18:00,86,120,per_minute
SYN-00867,voice_outbound,2026-01-14T20:52:00,411,420,per_minute
SYN-00868,recording,2026-01-08T04:57:00,200,240,per_minute
SYN-00869,voice_outbound,2026-01-10T03:37:00,0,0,per_minute
SYN-00870,voice_outbound,2026-01-10T02:42:00,158,180,per_minute
SYN-00871,recording,2026-01-15T13:17:00,176,180,per_minute
SYN-00872,voice_outbound,2026-01-22T09:51:00,97,120,per_minute
SYN-00873,voice_intl,2026-01-09T12:34:00,15,60,60_6
SYN-00874,voice_inbound,2026-01-15T11:13:00,345,348,6s_blocks
SYN-00875,recording,2026-01-19T21:21:00,279,300,per_minute
SYN-00876,voice_inbound,2026-01-14T08:57:00,404,408,6s_blocks
SYN-00877,voice_outbound,2026-01-09T11:16:00,352,360,per_minute
SYN-00878,voice_outbound,2026-01-19T03:57:00,151,180,per_minute
SYN-00879,voice_intl,2026-01-05T06:37:00,56,60,60_6
SYN-00880,recording,2026-01-02T12:45:00,232,240,per_minute
SYN-00881,voice_outbound,2026-01-17T06:12:00,345,360,per_minute
SYN-00882,voice_inbound,2026-01-26T11:43:00,433,438,6s_blocks
SYN-00883,voice_outbound,2026-01-06T18:23:00,92,120,per_minute
SYN-00884,voice_outbound,2026-01-12T15:38:00,0,0,per_minute
SYN-00885,voice_outbound,2026-01-21T01:17:00,265,300,per_minute
SYN-00886,voice_inbound,2026-01-10T13:35:00,187,192,6s_blocks
SYN-00887,voice_inbound,2026-01-23T15:53:00,109,114,6s_blocks
SYN-00888,voice_outbound,2026-01-16T11:34:00,86,120,per_minute
SYN-00889,voice_outbound,2026-01-20T09:51:00,285,300,per_minute
SYN-00890,voice_outbound,2026-01-25T19:49:00,54,60,per_minute
SYN-00891,voice_inbound,2026-01-09T20:41:00,72,72,6s_blocks
SYN-00892,voice_outbound,2026-01-12T22:21:00,107,120,per_minute
SYN-00893,voice_outbound,2026-01-30T06:43:00,137,180,per_minute
SYN-00894,voice_outbound,2026-01-07T20:36:00,31,60,per_minute
SYN-00895,voice_outbound,2026-01-13T12:21:00,283,300,per_minute
SYN-00896,voice_outbound,2026-01-16T15:59:00,243,300,per_minute
SYN-00897,voice_outbound,2026-01-23T10:42:00,161,180,per_minute
SYN-00898,voice_outbound,2026-01-07T21:15:00,244,300,per_minute
SYN-00899,voice_inbound,2026-01-21T15:22:00,0,0,6s_blocks
SYN-00900,voice_outbound,2026-01-17T01:59:00,0,0,per_minute
SYN-00901,voice_intl,2026-01-18T06:19:00,95,96,60_6
SYN-00902,recording,2026-01-20T05:00:00,50,60,per_minute
SYN-00903,recording,2026-01-12T19:08:00,239,240,per_minute
SYN-00904,voice_outbound,2026-01-01T10:34:00,5,60,per_minute
SYN-00905,voice_outbound,2026-01-25T19:03:00,417,420,per_minute
SYN-00906,recording,2026-01-05T08:28:00,384,420,per_minute
SYN-00907,recording,2026-01-26T22:42:00,358,360,per_minute
SYN-00908,voice_outbound,2026-01-26T19:01:00,262,300,per_minute
SYN-00909,recording,2026-01-26T08:48:00,411,420,per_minute
SYN-00910,voice_inbound,2026-01-25T13:15:00,275,276,6s_blocks
SYN-00911,recording,2026-01-19T05:29:00,78,120,per_minute
SYN-00912,voice_inbound,2026-01-25T14:05:00,169,174,6s_blocks
SYN-00913,recording,2026-01-01T04:43:00,327,360,per_minute
SYN-00914,voice_outbound,2026-01-02T05:08:00,152,180,per_minute
SYN-00915,voice_outbound,2026-01-22T10:51:00,0,0,per_minute
SYN-00916,voice_outbound,2026-01-29T04:02:00,0,0,per_minute
SYN-00917,voice_outbound,2026-01-14T21:34:00,274,300,per_minute
SYN-00918,voice_outbound,2026-01-30T11:40:00,0,0,per_minute
SYN-00919,voice_outbound,2026-01-09T20:31:00,168,180,per_minute
SYN-00920,voice_inbound,2026-01-29T06:20:00,430,432,6s_blocks
SYN-00921,recording,2026-01-25T07:52:00,275,300,per_minute
SYN-00922,voice_inbound,2026-01-05T21:59:00,501,504,6s_blocks
SYN-00923,voice_outbound,2026-01-28T06:38:00,336,360,per_minute
SYN-00924,recording,2026-01-12T12:17:00,243,300,per_minute
SYN-00925,voice_outbound,2026-01-15T06:37:00,287,300,per_minute
SYN-00926,voice_inbound,2026-01-27T19:24:00,366,366,6s_blocks
SYN-00927,voice_outbound,2026-01-30T13:52:00,354,360,per_minute
SYN-00928,voice_outbound,2026-01-10T22:52:00,83,120,per_minute
SYN-00929,recording,2026-01-08T09:42:00,398,420,per_minute
SYN-00930,voice_outbound,2026-01-21T16:50:00,284,300,per_minute
SYN-00931,voice_outbound,2026-01-18T00:41:00,0,0,per_minute
SYN-00932,voice_outbound,2026-01-18T01:09:00,389,420,per_minute
SYN-00933,voice_inbound,2026-01-15T07:41:00,195,198,6s_blocks
SYN-00934,voice_outbound,2026-01-17T15:24:00,0,0,per_minute
SYN-00935,voice_outbound,2026-01-22T15:02:00,0,0,per_minute
SYN-00936,voice_outbound,2026-01-23T18:19:00,62,120,per_minute
SYN-00937,recording,2026-01-23T18:52:00,32,60,per_minute
SYN-00938,voice_outbound,2026-01-09T10:31:00,45,60,per_minute
SYN-00939,recording,2026-01-19T07:49:00,163,180,per_minute
SYN-00940,voice_outbound,2026-01-07T00:18:00,161,180,per_minute
SYN-00941,voice_inbound,2026-01-17T06:47:00,427,432,6s_blocks
SYN-00942,voice_outbound,2026-01-25T02:27:00,348,360,per_minute
SYN-00943,voice_outbound,2026-01-27T22:14:00,211,240,per_minute
SYN-00944,voice_inbound,2026-01-06T06:44:00,238,240,6s_blocks
SYN-00945,voice_inbound,2026-01-12T02:31:00,316,318,6s_blocks
SYN-00946,recording,2026-01-22T09:02:00,270,300,per_minute
SYN-00947,voice_outbound,2026-01-14T02:01:00,0,0,per_minute
SYN-00948,recording,2026-01-29T08:09:00,64,120,per_minute
SYN-00949,voice_inbound,2026-01-19T21:30:00,473,474,6s_blocks
SYN-00950,recording,2026-01-14T20:11:00,357,360,per_minute
SYN-00951,voice_outbound,2026-01-30T08:09:00,237,240,per_minute
SYN-00952,recording,2026-01-11T23:59:00,239,240,per_minute
SYN-00953,voice_outbound,2026-01-30T12:35:00,0,0,per_minute
SYN-00954,voice_outbound,2026-01-18T09:22:00,0,0,per_minute
SYN-00955,voice_outbound,2026-01-25T05:35:00,194,240,per_minute
SYN-00956,voice_intl,2026-01-11T04:29:00,86,90,60_6
SYN-00957,voice_outbound,2026-01-24T16:24:00,0,0,per_minute
SYN-00958,voice_outbound,2026-01-06T13:16:00,193,240,per_minute
SYN-00959,recording,2026-01-26T18:55:00,63,120,per_minute
SYN-00960,recording,2026-01-29T13:19:00,305,360,per_minute
SYN-00961,voice_intl,2026-01-27T01:14:00,151,156,60_6
SYN-00962,voice_outbound,2026-01-13T20:24:00,234,240,per_minute
SYN-00963,voice_intl,2026-01-13T14:30:00,33,60,60_6
SYN-00964,voice_outbound,2026-01-03T01:33:00,64,120,per_minute
SYN-00965,recording,2026-01-19T14:32:00,43,60,per_minute
SYN-00966,voice_outbound,2026-01-28T04:54:00,196,240,per_minute
SYN-00967,voice_outbound,2026-01-16T08:52:00,262,300,per_minute
SYN-00968,recording,2026-01-05T15:11:00,341,360,per_minute
SYN-00969,recording,2026-01-13T19:38:00,92,120,per_minute
SYN-00970,voice_inbound,2026-01-02T08:59:00,344,348,6s_blocks
SYN-00971,voice_outbound,2026-01-26T05:39:00,14,60,per_minute
SYN-00972,voice_outbound,2026-01-23T21:25:00,48,60,per_minute
SYN-00973,voice_inbound,2026-01-14T22:48:00,449,450,6s_blocks
SYN-00974,voice_outbound,2026-01-11T10:58:00,310,360,per_minute
SYN-00975,voice_outbound,2026-01-03T16:13:00,128,180,per_minute
SYN-00976,voice_outbound,2026-01-29T10:13:00,0,0,per_minute
SYN-00977,voice_outbound,2026-01-15T09:11:00,23,60,per_minute
SYN-00978,recording,2026-01-18T18:56:00,243,300,per_minute
SYN-00979,voice_outbound,2026-01-30T16:27:00,310,360,per_minute
SYN-00980,voice_outbound,2026-01-24T11:22:00,238,240,per_minute
SYN-00981,voice_outbound,2026-01-12T20:34:00,233,240,per_minute
SYN-00982,voice_outbound,2026-01-09T00:41:00,26,60,per_minute
SYN-00983,voice_inbound,2026-01-14T00:01:00,321,324,6s_blocks
SYN-00984,voice_inbound,2026-01-28T06:46:00,175,180,6s_blocks
SYN-00985,voice_inbound,2026-01-30T12:08:00,496,498,6s_blocks
SYN-00986,voice_outbound,2026-01-01T02:15:00,358,360,per_minute
SYN-00987,recording,2026-01-16T14:16:00,236,240,per_minute
SYN-00988,voice_outbound,2026-01-23T23:50:00,347,360,per_minute
SYN-00989,voice_inbound,2026-01-12T07:02:00,338,342,6s_blocks
SYN-00990,recording,2026-01-21T08:00:00,363,420,per_minute
SYN-00991,recording,2026-01-25T10:01:00,267,300,per_minute
SYN-00992,recording,2026-01-24T20:20:00,128,180,per_minute
SYN-00993,voice_inbound,2026-01-20T23:09:00,369,372,6s_blocks
SYN-00994,recording,2026-01-18T23:22:00,161,180,per_minute
SYN-00995,voice_inbound,2026-01-30T16:57:00,150,150,6s_blocks
SYN-00996,voice_outbound,2026-01-22T00:40:00,0,0,per_minute
SYN-00997,recording,2026-01-21T21:39:00,322,360,per_minute
SYN-00998,voice_outbound,2026-01-12T11:12:00,152,180,per_minute
SYN-00999,voice_outbound,2026-01-12T22:42:00,392,420,per_minute
SYN-01000,voice_outbound,2026-01-08T08:18:00,106,120,per_minute
SYN-01001,voice_outbound,2026-01-21T12:00:00,190,240,per_minute
SYN-01002,voice_inbound,2026-01-15T04:59:00,51,54,6s_blocks
SYN-01003,voice_inbound,2026-01-16T02:06:00,497,498,6s_blocks
SYN-01004,voice_outbound,2026-01-29T18:00:00,0,0,per_minute
SYN-01005,voice_outbound,2026-01-24T22:22:00,85,120,per_minute
SYN-01006,voice_outbound,2026-01-13T11:58:00,221,240,per_minute
SYN-01007,recording,2026-01-17T05:15:00,353,360,per_minute
SYN-01008,voice_outbound,2026-01-29T23:27:00,61,120,per_minute
SYN-01009,voice_inbound,2026-01-27T13:59:00,99,102,6s_blocks
SYN-01010,voice_intl,2026-01-17T10:49:00,247,252,60_6
SYN-01011,voice_outbound,2026-01-25T15:38:00,368,420,per_minute
SYN-01012,recording,2026-01-04T11:32:00,316,360,per_minute
SYN-01013,voice_outbound,2026-01-08T05:11:00,352,360,per_minute
SYN-01014,voice_intl,2026-01-16T00:13:00,0,0,60_6
SYN-01015,voice_outbound,2026-01-30T02:46:00,0,0,per_minute
SYN-01016,voice_outbound,2026-01-26T14:07:00,66,120,per_minute
SYN-01017,recording,2026-01-20T12:39:00,375,420,per_minute
SYN-01018,voice_outbound,2026-01-29T17:24:00,221,240,per_minute
SYN-01019,voice_outbound,2026-01-12T02:20:00,287,300,per_minute
SYN-01020,recording,2026-01-08T08:16:00,299,300,per_minute
SYN-01021,voice_inbound,2026-01-27T03:18:00,138,138,6s_blocks
SYN-01022,voice_intl,2026-01-23T13:02:00,68,72,60_6
SYN-01023,voice_inbound,2026-01-28T11:21:00,127,132,6s_blocks
SYN-01024,voice_outbound,2026-01-23T14:51:00,152,180,per_minute
SYN-01025,recording,2026-01-10T08:22:00,382,420,per_minute
SYN-01026,voice_outbound,2026-01-26T14:01:00,366,420,per_minute
SYN-01027,recording,2026-01-12T16:36:00,43,60,per_minute
SYN-01028,voice_outbound,2026-01-11T23:44:00,83,120,per_minute
SYN-01029,voice_outbound,2026-01-23T07:50:00,258,300,per_minute
SYN-01030,voice_outbound,2026-01-20T20:20:00,185,240,per_minute
SYN-01031,voice_outbound,2026-01-03T04:59:00,86,120,per_minute
SYN-01032,voice_inbound,2026-01-30T10:52:00,371,372,6s_blocks
SYN-01033,voice_outbound,2026-01-26T20:22:00,302,360,per_minute
SYN-01034,voice_outbound,2026-01-14T12:48:00,19,60,per_minute
SYN-01035,voice_intl,2026-01-26T04:33:00,79,84,60_6
SYN-01036,voice_outbound,2026-01-04T16:40:00,323,360,per_minute
SYN-01037,voice_outbound,2026-01-05T12:49:00,249,300,per_minute
SYN-01038,voice_inbound,2026-01-12T04:09:00,555,558,6s_blocks
SYN-01039,recording,2026-01-30T10:41:00,105,120,per_minute
SYN-01040,voice_intl,2026-01-17T19:02:00,266,270,60_6
SYN-01041,voice_outbound,2026-01-06T16:10:00,121,180,per_minute
SYN-01042,recording,2026-01-30T12:43:00,67,120,per_minute
SYN-01043,voice_outbound,2026-01-02T10:53:00,148,180,per_minute
SYN-01044,voice_outbound,2026-01-06T15:44:00,0,0,per_minute
SYN-01045,voice_outbound,2026-01-05T19:35:00,382,420,per_minute
SYN-01046,voice_outbound,2026-01-10T20:14:00,189,240,per_minute
SYN-01047,voice_outbound,2026-01-27T03:01:00,13,60,per_minute
SYN-01048,voice_outbound,2026-01-12T10:32:00,94,120,per_minute
SYN-01049,voice_outbound,2026-01-22T05:09:00,395,420,per_minute
SYN-01050,voice_outbound,2026-01-21T09:01:00,122,180,per_minute
SYN-01051,recording,2026-01-15T15:19:00,91,120,per_minute
SYN-01052,voice_outbound,2026-01-19T07:24:00,357,360,per_minute
SYN-01053,voice_inbound,2026-01-30T11:03:00,572,576,6s_blocks
SYN-01054,recording,2026-01-07T14:03:00,150,180,per_minute
SYN-01055,voice_inbound,2026-01-27T18:17:00,383,384,6s_blocks
SYN-01056,recording,2026-01-17T10:07:00,209,240,per_minute
SYN-01057,recording,2026-01-30T08:39:00,207,240,per_minute
SYN-01058,voice_outbound,2026-01-07T11:03:00,74,120,per_minute
SYN-01059,voice_outbound,2026-01-03T03:20:00,307,360,per_minute
SYN-01060,voice_outbound,2026-01-16T15:47:00,297,300,per_minute
SYN-01061,recording,2026-01-26T08:34:00,320,360,per_minute
SYN-01062,voice_outbound,2026-01-30T09:21:00,310,360,per_minute
SYN-01063,recording,2026-01-03T02:45:00,419,420,per_minute
SYN-01064,recording,2026-01-20T17:14:00,171,180,per_minute
SYN-01065,voice_outbound,2026-01-09T16:40:00,316,360,per_minute
SYN-01066,voice_outbound,2026-01-06T07:33:00,24,60,per_minute
SYN-01067,recording,2026-01-24T14:27:00,385,420,per_minute
SYN-01068,voice_intl,2026-01-08T20:03:00,109,114,60_6
SYN-01069,recording,2026-01-12T12:28:00,230,240,per_minute
SYN-01070,voice_outbound,2026-01-06T10:35:00,5,60,per_minute
SYN-01071,voice_intl,2026-01-25T11:16:00,0,0,60_6
SYN-01072,recording,2026-01-20T22:40:00,67,120,per_minute
SYN-01073,voice_intl,2026-01-01T07:59:00,205,210,60_6
SYN-01074,recording,2026-01-05T13:44:00,326,360,per_minute
SYN-01075,voice_inbound,2026-01-22T14:17:00,513,516,6s_blocks
SYN-01076,recording,2026-01-12T05:39:00,144,180,per_minute
SYN-01077,recording,2026-01-27T21:27:00,129,180,per_minute
SYN-01078,voice_outbound,2026-01-23T16:23:00,151,180,per_minute
SYN-01079,recording,2026-01-29T13:51:00,193,240,per_minute
SYN-01080,voice_outbound,2026-01-18T21:00:00,69,120,per_minute
SYN-01081,voice_inbound,2026-01-17T17:10:00,0,0,6s_blocks
SYN-01082,recording,2026-01-22T17:22:00,239,240,per_minute
SYN-01083,voice_intl,2026-01-14T17:29:00,15,60,60_6
SYN-01084,voice_inbound,2026-01-29T04:51:00,14,18,6s_blocks
SYN-01085,voice_intl,2026-01-01T12:44:00,120,120,60_6
SYN-01086,recording,2026-01-06T11:52:00,95,120,per_minute
SYN-01087,voice_outbound,2026-01-11T06:13:00,170,180,per_minute
SYN-01088,voice_outbound,2026-01-22T23:11:00,80,120,per_minute
SYN-01089,recording,2026-01-30T05:58:00,203,240,per_minute
SYN-01090,voice_outbound,2026-01-14T18:41:00,347,360,per_minute
SYN-01091,voice_outbound,2026-01-13T09:40:00,229,240,per_minute
SYN-01092,recording,2026-01-18T06:00:00,410,420,per_minute
SYN-01093,voice_outbound,2026-01-15T09:59:00,0,0,per_minute
SYN-01094,recording,2026-01-10T23:13:00,331,360,per_minute
SYN-01095,recording,2026-01-09T17:38:00,151,180,per_minute
SYN-01096,voice_outbound,2026-01-13T04:47:00,238,240,per_minute
SYN-01097,voice_inbound,2026-01-16T20:36:00,427,432,6s_blocks
SYN-01098,voice_outbound,2026-01-24T02:06:00,323,360,per_minute
SYN-01099,voice_outbound,2026-01-27T20:41:00,363,420,per_minute
SYN-01100,voice_intl,2026-01-05T10:35:00,257,258,60_6
SYN-01101,recording,2026-01-02T17:06:00,420,420,per_minute
SYN-01102,recording,2026-01-09T06:12:00,305,360,per_minute
SYN-01103,recording,2026-01-02T19:34:00,348,360,per_minute
SYN-01104,voice_inbound,2026-01-08T16:53:00,306,306,6s_blocks
SYN-01105,voice_inbound,2026-01-21T00:34:00,319,324,6s_blocks
SYN-01106,voice_outbound,2026-01-01T12:46:00,290,300,per_minute
SYN-01107,voice_inbound,2026-01-21T09:09:00,136,138,6s_blocks
SYN-01108,voice_outbound,2026-01-22T19:26:00,0,0,per_minute
SYN-01109,voice_outbound,2026-01-20T01:34:00,0,0,per_minute
SYN-01110,voice_outbound,2026-01-15T16:59:00,86,120,per_minute
SYN-01111,voice_outbound,2026-01-29T05:15:00,384,420,per_minute
SYN-01112,voice_outbound,2026-01-09T01:53:00,0,0,per_minute
SYN-01113,recording,2026-01-06T18:37:00,32,60,per_minute
SYN-01114,voice_inbound,2026-01-01T01:25:00,0,0,6s_blocks
SYN-01115,voice_outbound,2026-01-29T01:50:00,303,360,per_minute
SYN-01116,recording,2026-01-29T12:01:00,179,180,per_minute
SYN-01117,voice_outbound,2026-01-26T14:05:00,266,300,per_minute
SYN-01118,voice_outbound,2026-01-09T02:00:00,200,240,per_minute
SYN-01119,voice_outbound,2026-01-26T19:38:00,366,420,per_minute
SYN-01120,recording,2026-01-30T13:32:00,330,360,per_minute
SYN-01121,voice_outbound,2026-01-11T01:20:00,191,240,per_minute
SYN-01122,voice_outbound,2026-01-25T04:49:00,302,360,per_minute
SYN-01123,voice_outbound,2026-01-02T07:22:00,0,0,per_minute
SYN-01124,voice_outbound,2026-01-02T22:32:00,0,0,per_minute
SYN-01125,voice_intl,2026-01-29T15:32:00,197,198,60_6
SYN-01126,voice_inbound,2026-01-25T21:11:00,304,306,6s_blocks
SYN-01127,voice_outbound,2026-01-13T07:32:00,125,180,per_minute
SYN-01128,voice_inbound,2026-01-27T12:28:00,184,186,6s_blocks
SYN-01129,voice_outbound,2026-01-29T19:10:00,280,300,per_minute
SYN-01130,voice_outbound,2026-01-22T12:45:00,241,300,per_minute
SYN-01131,voice_outbound,2026-01-21T22:35:00,349,360,per_minute
SYN-01132,voice_outbound,2026-01-23T12:40:00,401,420,per_minute
SYN-01133,voice_outbound,2026-01-01T07:08:00,172,180,per_minute
SYN-01134,voice_inbound,2026-01-11T02:21:00,500,504,6s_blocks
SYN-01135,voice_outbound,2026-01-19T18:03:00,364,420,per_minute
SYN-01136,recording,2026-01-08T09:52:00,213,240,per_minute
SYN-01137,voice_outbound,2026-01-29T03:00:00,149,180,per_minute
SYN-01138,voice_inbound,2026-01-04T08:23:00,280,282,6s_blocks
SYN-01139,recording,2026-01-07T19:18:00,408,420,per_minute
SYN-01140,voice_intl,2026-01-06T18:30:00,30,60,60_6
SYN-01141,voice_outbound,2026-01-15T07:07:00,52,60,per_minute
SYN-01142,voice_inbound,2026-01-26T13:24:00,572,576,6s_blocks
SYN-01143,voice_outbound,2026-01-04T13:42:00,408,420,per_minute
SYN-01144,voice_inbound,2026-01-02T06:57:00,152,156,6s_blocks
SYN-01145,voice_outbound,2026-01-10T17:05:00,134,180,per_minute
SYN-01146,recording,2026-01-22T20:50:00,262,300,per_minute
SYN-01147,voice_inbound,2026-01-07T04:50:00,77,78,6s_blocks
SYN-01148,voice_outbound,2026-01-16T05:08:00,0,0,per_minute
SYN-01149,voice_intl,2026-01-25T12:38:00,275,276,60_6
SYN-01150,voice_outbound,2026-01-12T22:12:00,114,120,per_minute
SYN-01151,voice_inbound,2026-01-16T18:06:00,134,138,6s_blocks
SYN-01152,voice_outbound,2026-01-24T14:40:00,275,300,per_minute
SYN-01153,voice_outbound,2026-01-23T19:50:00,58,60,per_minute
SYN-01154,recording,2026-01-13T13:14:00,164,180,per_minute
SYN-01155,voice_outbound,2026-01-28T04:31:00,0,0,per_minute
SYN-01156,voice_inbound,2026-01-04T07:09:00,133,138,6s_blocks
SYN-01157,voice_outbound,2026-01-16T18:07:00,0,0,per_minute
SYN-01158,voice_outbound,2026-01-10T11:15:00,0,0,per_minute
SYN-01159,voice_outbound,2026-01-04T10:06:00,60,60,per_minute
SYN-01160,voice_outbound,2026-01-10T15:01:00,191,240,per_minute
SYN-01161,voice_inbound,2026-01-28T12:32:00,413,414,6s_blocks
SYN-01162,voice_outbound,2026-01-08T22:36:00,352,360,per_minute
SYN-01163,voice_outbound,2026-01-23T13:27:00,363,420,per_minute
SYN-01164,voice_inbound,2026-01-12T07:39:00,107,108,6s_blocks
SYN-01165,voice_outbound,2026-01-02T11:38:00,419,420,per_minute
SYN-01166,recording,2026-01-18T08:44:00,296,300,per_minute
SYN-01167,voice_outbound,2026-01-23T00:15:00,56,60,per_minute
SYN-01168,voice_outbound,2026-01-26T20:18:00,170,180,per_minute
SYN-01169,voice_outbound,2026-01-03T03:37:00,178,180,per_minute
SYN-01170,recording,2026-01-12T16:28:00,403,420,per_minute
SYN-01171,recording,2026-01-30T20:31:00,194,240,per_minute
SYN-01172,voice_inbound,2026-01-13T00:13:00,195,198,6s_blocks
SYN-01173,voice_outbound,2026-01-01T20:10:00,168,180,per_minute
SYN-01174,voice_outbound,2026-01-28T23:41:00,208,240,per_minute
SYN-01175,recording,2026-01-29T21:41:00,53,60,per_minute
SYN-01176,voice_outbound,2026-01-01T11:55:00,262,300,per_minute
SYN-01177,recording,2026-01-20T08:20:00,133,180,per_minute
SYN-01178,voice_inbound,2026-01-17T20:02:00,398,402,6s_blocks
SYN-01179,voice_outbound,2026-01-20T10:22:00,0,0,per_minute
SYN-01180,voice_inbound,2026-01-09T14:57:00,158,162,6s_blocks
